SWA-001	40
SWA-002	41
SWA-003	42
SWA-004	43
SWA-005	44
SWA-006	45
SWA-007	46
SWA-008	47
SWA-009	48
SWA-010	49
SWA-011	50
SWA-012	51
SWA-013	52
SWA-014	53
SWA-015	54
SWA-016	55
SWA-017	56
SWA-018	57
SWA-019	58
SWA-020	59
SWA-021	60
SWA-022	61
SWA-023	62
SWA-024	63
SWA-025	64
SWA-026	65
SWA-027	66
SWA-028	67
SWA-029	68
SWA-030	69
SWA-031	70
SWA-032	71
SWA-033	72
SWA-034	73
SWA-035	74
SWA-036	75
SWA-037	76
SWA-038	77
SWA-039	78
SWA-040	79
SWA-041	80
SWA-042	81
SWA-043	82
SWA-044	83
SWA-045	84
SWA-046	85
SWA-047	86
SWA-048	87
SWA-049	88
SWA-050	89
SWA-051	90
SWA-052	91
SWA-053	92
SWA-054	93
SWA-055	94
SWA-056	95
SWA-057	96
SWA-058	97
SWA-059	98
SWA-060	99
SWA-061	100
SWA-062	101
SWA-063	102
SWA-064	103
SWA-065	104
SWA-066	105
SWA-067	106
SWA-068	107
SWA-069	108
SWA-070	109
SWA-071	110
SWA-072	111
SWA-073	112
SWA-074	113
SWA-075	114
SWA-076	115
SWA-077	116
SWA-078	117
SWA-079	118
SWA-080	119
