node_id,bucket_type,source_path,source_type,language_hint,expected_neighbors,expected_parent,provenance_ref,model_a_top10,model_b_top10,score_a,score_b,notes,script_hint,locale_hint,translation_needed,source_exists,source_lineage,extracted_at,extractor_model,image_fingerprint,ocr_text_excerpt,extraction_quality
NODE-001,bio_field_charts,/Users/sheshnarayaniyer/Documents/noesis/Research/ORIENTATION/Biofield interpretation maps/IMG_2581.jpg,image,en,NODE-002;NODE-003,PARENT-BIOFIELD-ROOT,prov:5d18356130d1,,,,,,latin,global,false,true,noesis_research_corpus,2026-05-15T00:00:00Z,tbd-phase3,imgfp:5d18356130d1,,unscored
NODE-002,bio_field_charts,/Users/sheshnarayaniyer/Documents/noesis/Research/ORIENTATION/Biofield Viewer Future Eliya/21363458_10154948160327913_117575874_o.jpg,image,en,NODE-001;NODE-003;NODE-004,PARENT-BIOFIELD-ROOT,prov:da92675b5e6b,,,,,,latin,global,false,true,noesis_research_corpus,2026-05-15T00:00:00Z,tbd-phase3,imgfp:da92675b5e6b,,unscored
NODE-003,bio_field_charts,/Users/sheshnarayaniyer/Documents/noesis/Research/ORIENTATION/Biofield Viewer Future Eliya/25371019_10155189860952913_1561726014_o.jpg,image,en,NODE-001;NODE-002;NODE-004;NODE-005,PARENT-BIOFIELD-ROOT,prov:e38396621081,,,,,,latin,global,false,true,noesis_research_corpus,2026-05-15T00:00:00Z,tbd-phase3,imgfp:e38396621081,,unscored
NODE-004,bio_field_charts,/Users/sheshnarayaniyer/Documents/noesis/Research/ORIENTATION/Biofield interpretation maps/11990533_413990388794138_2317091395093831501_n.jpg,image,en,NODE-002;NODE-003;NODE-005;NODE-006,PARENT-BIOFIELD-ROOT,prov:52a4066db1c2,,,,,,latin,global,false,true,noesis_research_corpus,2026-05-15T00:00:00Z,tbd-phase3,imgfp:52a4066db1c2,,unscored
NODE-005,bio_field_charts,"/Users/sheshnarayaniyer/Documents/noesis/Research/ORIENTATION/Biofield interpretation maps/Biofield Anatomy, E McKusick.jpg",image,en,NODE-003;NODE-004;NODE-006;NODE-007,PARENT-BIOFIELD-ROOT,prov:9e0ec464e35e,,,,,,latin,global,false,true,noesis_research_corpus,2026-05-15T00:00:00Z,tbd-phase3,imgfp:9e0ec464e35e,,unscored
NODE-006,bio_field_charts,/Users/sheshnarayaniyer/Documents/noesis/Research/ORIENTATION/Biofield Viewer Future Eliya/Screen Shot 2017-09-03 at 9.11.11 am.png,image,en,NODE-004;NODE-005;NODE-007;NODE-008,PARENT-BIOFIELD-ROOT,prov:a1ef1cb70aec,,,,,,latin,global,false,true,noesis_research_corpus,2026-05-15T00:00:00Z,tbd-phase3,imgfp:a1ef1cb70aec,,unscored
NODE-007,bio_field_charts,/Users/sheshnarayaniyer/Documents/noesis/Research/ORIENTATION/Biofield Viewer Future Eliya/21146633_10203820293385883_1098728975_o-1.jpg,image,en,NODE-005;NODE-006;NODE-008;NODE-009,PARENT-BIOFIELD-ROOT,prov:962869cd0277,,,,,,latin,global,false,true,noesis_research_corpus,2026-05-15T00:00:00Z,tbd-phase3,imgfp:962869cd0277,,unscored
NODE-008,bio_field_charts,/Users/sheshnarayaniyer/Documents/noesis/Research/ORIENTATION/Biofield Viewer Future Eliya/25346629_10155188222247913_2125987151_o.jpg,image,en,NODE-006;NODE-007;NODE-009;NODE-010,PARENT-BIOFIELD-ROOT,prov:d773f6cda808,,,,,,latin,global,false,true,noesis_research_corpus,2026-05-15T00:00:00Z,tbd-phase3,imgfp:d773f6cda808,,unscored
NODE-009,bio_field_charts,/Users/sheshnarayaniyer/Documents/noesis/Research/ORIENTATION/Biofield Viewer Future Eliya/18718217_10155413068157848_71209152_n.jpg,image,en,NODE-007;NODE-008;NODE-010;NODE-011,PARENT-BIOFIELD-ROOT,prov:af8ede55de14,,,,,,latin,global,false,true,noesis_research_corpus,2026-05-15T00:00:00Z,tbd-phase3,imgfp:af8ede55de14,,unscored
NODE-010,bio_field_charts,"/Users/sheshnarayaniyer/Documents/noesis/Research/ORIENTATION/Biofield interpretation maps/Biofield Anatomy 3, Eileen Mckusick.jpg",image,en,NODE-008;NODE-009;NODE-011;NODE-012,PARENT-BIOFIELD-ROOT,prov:ba96b1f339c9,,,,,,latin,global,false,true,noesis_research_corpus,2026-05-15T00:00:00Z,tbd-phase3,imgfp:ba96b1f339c9,,unscored
NODE-011,bio_field_charts,/Users/sheshnarayaniyer/Documents/noesis/Research/ORIENTATION/Introducing The Biofield Viewer-page1.jpg,image,en,NODE-009;NODE-010;NODE-012;NODE-013,PARENT-BIOFIELD-ROOT,prov:36e086ee7472,,,,,,latin,global,false,true,noesis_research_corpus,2026-05-15T00:00:00Z,tbd-phase3,imgfp:36e086ee7472,,unscored
NODE-012,bio_field_charts,/Users/sheshnarayaniyer/Documents/noesis/Research/ORIENTATION/Biofield Viewer Future Eliya/25371043_10155189860807913_593137644_o.jpg,image,en,NODE-010;NODE-011;NODE-013;NODE-014,PARENT-BIOFIELD-ROOT,prov:575ae31d4811,,,,,,latin,global,false,true,noesis_research_corpus,2026-05-15T00:00:00Z,tbd-phase3,imgfp:575ae31d4811,,unscored
NODE-013,bio_field_charts,/Users/sheshnarayaniyer/Documents/noesis/Research/ORIENTATION/Biofield Viewer Future Eliya/25344752_10155188222172913_311737247_o.jpg,image,en,NODE-011;NODE-012;NODE-014;NODE-015,PARENT-BIOFIELD-ROOT,prov:78b926786bde,,,,,,latin,global,false,true,noesis_research_corpus,2026-05-15T00:00:00Z,tbd-phase3,imgfp:78b926786bde,,unscored
NODE-014,bio_field_charts,/Users/sheshnarayaniyer/Documents/noesis/Research/ORIENTATION/Biofield Viewer Future Eliya/12440577_1774777246078915_5490769812823559389_o.jpg,image,en,NODE-012;NODE-013;NODE-015;NODE-016,PARENT-BIOFIELD-ROOT,prov:c17bf81167bf,,,,,,latin,global,false,true,noesis_research_corpus,2026-05-15T00:00:00Z,tbd-phase3,imgfp:c17bf81167bf,,unscored
NODE-015,bio_field_charts,/Users/sheshnarayaniyer/Documents/noesis/Research/ORIENTATION/Biofield Viewer Future Eliya/21390239_10154948169937913_1921212606_o.jpg,image,en,NODE-013;NODE-014;NODE-016;NODE-017,PARENT-BIOFIELD-ROOT,prov:94053ae055b5,,,,,,latin,global,false,true,noesis_research_corpus,2026-05-15T00:00:00Z,tbd-phase3,imgfp:94053ae055b5,,unscored
NODE-016,bio_field_charts,/Users/sheshnarayaniyer/Documents/noesis/Research/ORIENTATION/Biofield Viewer Future Eliya/21146922_10203820293785893_331657195_o.jpg,image,en,NODE-014;NODE-015;NODE-017;NODE-018,PARENT-BIOFIELD-ROOT,prov:e2e4e9c28800,,,,,,latin,global,false,true,noesis_research_corpus,2026-05-15T00:00:00Z,tbd-phase3,imgfp:e2e4e9c28800,,unscored
NODE-017,bio_field_charts,/Users/sheshnarayaniyer/Documents/noesis/Research/ORIENTATION/Biofield Viewer Future Eliya/25370994_10155189860867913_1238043252_o.jpg,image,en,NODE-015;NODE-016;NODE-018;NODE-019,PARENT-BIOFIELD-ROOT,prov:32f08e66f85c,,,,,,latin,global,false,true,noesis_research_corpus,2026-05-15T00:00:00Z,tbd-phase3,imgfp:32f08e66f85c,,unscored
NODE-018,bio_field_charts,/Users/sheshnarayaniyer/Documents/noesis/Research/ORIENTATION/Biofield Viewer Future Eliya/25346344_10155188222837913_1298576434_o.jpg,image,en,NODE-016;NODE-017;NODE-019;NODE-020,PARENT-BIOFIELD-ROOT,prov:e0d607c3232f,,,,,,latin,global,false,true,noesis_research_corpus,2026-05-15T00:00:00Z,tbd-phase3,imgfp:e0d607c3232f,,unscored
NODE-019,bio_field_charts,/Users/sheshnarayaniyer/Documents/noesis/Research/ORIENTATION/Biofield interpretation maps/16864485_1255373824516892_929464754599263898_n.jpg,image,en,NODE-017;NODE-018;NODE-020;NODE-021,PARENT-BIOFIELD-ROOT,prov:e968f74142bf,,,,,,latin,global,false,true,noesis_research_corpus,2026-05-15T00:00:00Z,tbd-phase3,imgfp:e968f74142bf,,unscored
NODE-020,bio_field_charts,/Users/sheshnarayaniyer/Documents/noesis/Research/ORIENTATION/Biofield Viewer Future Eliya/20624399_10154871771292913_1933098926_n.jpg,image,en,NODE-018;NODE-019;NODE-021;NODE-022,PARENT-BIOFIELD-ROOT,prov:7a39179ed1ad,,,,,,latin,global,false,true,noesis_research_corpus,2026-05-15T00:00:00Z,tbd-phase3,imgfp:7a39179ed1ad,,unscored
NODE-021,bio_field_charts,/Users/sheshnarayaniyer/Documents/noesis/Research/ORIENTATION/Biofield Viewer Future Eliya/25397982_10155191902547913_1051989663_o.jpg,image,en,NODE-019;NODE-020;NODE-022;NODE-023,PARENT-BIOFIELD-ROOT,prov:f587fddfea92,,,,,,latin,global,false,true,noesis_research_corpus,2026-05-15T00:00:00Z,tbd-phase3,imgfp:f587fddfea92,,unscored
NODE-022,bio_field_charts,/Users/sheshnarayaniyer/Documents/noesis/Research/ORIENTATION/Biofield interpretation maps/12033082_676938482406056_2173393825446135643_n.jpg,image,en,NODE-020;NODE-021;NODE-023;NODE-024,PARENT-BIOFIELD-ROOT,prov:9a8c9c72533e,,,,,,latin,global,false,true,noesis_research_corpus,2026-05-15T00:00:00Z,tbd-phase3,imgfp:9a8c9c72533e,,unscored
NODE-023,bio_field_charts,/Users/sheshnarayaniyer/Documents/noesis/Research/ORIENTATION/Biofield interpretation maps/12963630_10153302478616841_2677942117444701816_n.jpg,image,en,NODE-021;NODE-022;NODE-024;NODE-025,PARENT-BIOFIELD-ROOT,prov:e9c07b702385,,,,,,latin,global,false,true,noesis_research_corpus,2026-05-15T00:00:00Z,tbd-phase3,imgfp:e9c07b702385,,unscored
NODE-024,bio_field_charts,/Users/sheshnarayaniyer/Documents/noesis/Research/ORIENTATION/Biofield Viewer Future Eliya/21146939_10203820293745892_1849862203_o.jpg,image,en,NODE-022;NODE-023;NODE-025;NODE-026,PARENT-BIOFIELD-ROOT,prov:b0367f3c016b,,,,,,latin,global,false,true,noesis_research_corpus,2026-05-15T00:00:00Z,tbd-phase3,imgfp:b0367f3c016b,,unscored
NODE-025,bio_field_charts,/Users/sheshnarayaniyer/Documents/noesis/Research/ORIENTATION/Biofield Viewer Future Eliya/21268727_10154943498077913_1627040379_n.png,image,en,NODE-023;NODE-024;NODE-026;NODE-027,PARENT-BIOFIELD-ROOT,prov:372d3178fd17,,,,,,latin,global,false,true,noesis_research_corpus,2026-05-15T00:00:00Z,tbd-phase3,imgfp:372d3178fd17,,unscored
NODE-026,bio_field_charts,/Users/sheshnarayaniyer/Documents/noesis/Research/ORIENTATION/Biofield interpretation maps/Chakra21.jpg,image,en,NODE-024;NODE-025;NODE-027;NODE-028,PARENT-BIOFIELD-ROOT,prov:3e172836aa5a,,,,,,latin,global,false,true,noesis_research_corpus,2026-05-15T00:00:00Z,tbd-phase3,imgfp:3e172836aa5a,,unscored
NODE-027,bio_field_charts,/Users/sheshnarayaniyer/Documents/noesis/Research/ORIENTATION/SES-infographic-subtleenergy-1.jpg,image,en,NODE-025;NODE-026;NODE-028;NODE-029,PARENT-BIOFIELD-ROOT,prov:2ac9be92e172,,,,,,latin,global,false,true,noesis_research_corpus,2026-05-15T00:00:00Z,tbd-phase3,imgfp:2ac9be92e172,,unscored
NODE-028,bio_field_charts,/Users/sheshnarayaniyer/Documents/noesis/Research/ORIENTATION/Biofield Viewer Future Eliya/20624266_10154871766767913_572055730_n.jpg,image,en,NODE-026;NODE-027;NODE-029;NODE-030,PARENT-BIOFIELD-ROOT,prov:a24033b547ea,,,,,,latin,global,false,true,noesis_research_corpus,2026-05-15T00:00:00Z,tbd-phase3,imgfp:a24033b547ea,,unscored
NODE-029,bio_field_charts,/Users/sheshnarayaniyer/Documents/noesis/Research/ORIENTATION/Biofield Viewer Future Eliya/21363175_10154948161267913_1808121624_o.jpg,image,en,NODE-027;NODE-028;NODE-030;NODE-031,PARENT-BIOFIELD-ROOT,prov:fa1d3b1a0d74,,,,,,latin,global,false,true,noesis_research_corpus,2026-05-15T00:00:00Z,tbd-phase3,imgfp:fa1d3b1a0d74,,unscored
NODE-030,bio_field_charts,/Users/sheshnarayaniyer/Documents/noesis/Research/ORIENTATION/Biofield interpretation maps/67761_1573488850613_1037305960_31611772_7546209_s.jpg,image,en,NODE-028;NODE-029;NODE-031;NODE-032,PARENT-BIOFIELD-ROOT,prov:53450091ec55,,,,,,latin,global,false,true,noesis_research_corpus,2026-05-15T00:00:00Z,tbd-phase3,imgfp:53450091ec55,,unscored
NODE-031,bio_field_charts,/Users/sheshnarayaniyer/Documents/noesis/Research/ORIENTATION/Biofield interpretation maps/13789_518435964857353_377864600_n.jpg,image,en,NODE-029;NODE-030;NODE-032;NODE-033,PARENT-BIOFIELD-ROOT,prov:1eba52972bf0,,,,,,latin,global,false,true,noesis_research_corpus,2026-05-15T00:00:00Z,tbd-phase3,imgfp:1eba52972bf0,,unscored
NODE-032,bio_field_charts,/Users/sheshnarayaniyer/Documents/noesis/Research/ORIENTATION/Biofield Viewer Future Eliya/21329415_10154948152822913_2081738134_o.jpg,image,en,NODE-030;NODE-031;NODE-033;NODE-034,PARENT-BIOFIELD-ROOT,prov:bac9e17d0869,,,,,,latin,global,false,true,noesis_research_corpus,2026-05-15T00:00:00Z,tbd-phase3,imgfp:bac9e17d0869,,unscored
NODE-033,bio_field_charts,/Users/sheshnarayaniyer/Documents/noesis/Research/ORIENTATION/Biofield Viewer Future Eliya/21325583_10154942520712913_225346204_n.jpg,image,en,NODE-031;NODE-032;NODE-034;NODE-035,PARENT-BIOFIELD-ROOT,prov:8935b2c61831,,,,,,latin,global,false,true,noesis_research_corpus,2026-05-15T00:00:00Z,tbd-phase3,imgfp:8935b2c61831,,unscored
NODE-034,bio_field_charts,/Users/sheshnarayaniyer/Documents/noesis/Research/ORIENTATION/Biofield Viewer Future Eliya/21329826_10154948169402913_281946457_o.jpg,image,en,NODE-032;NODE-033;NODE-035,PARENT-BIOFIELD-ROOT,prov:73794cc669cd,,,,,,latin,global,false,true,noesis_research_corpus,2026-05-15T00:00:00Z,tbd-phase3,imgfp:73794cc669cd,,unscored
NODE-035,bio_field_charts,/Users/sheshnarayaniyer/Documents/noesis/Research/ORIENTATION/Biofield Viewer Future Eliya/21299019_10154948138132913_1114110350_o.jpg,image,en,NODE-033;NODE-034,PARENT-BIOFIELD-ROOT,prov:794614089c5f,,,,,,latin,global,false,true,noesis_research_corpus,2026-05-15T00:00:00Z,tbd-phase3,imgfp:794614089c5f,,unscored
NODE-036,interpretation_maps,"/Users/sheshnarayaniyer/Documents/noesis/Research/James True/Exploring Consciousness - An Introduction to Living Systems, Sapience, and Sentience.md",document,en,NODE-037;NODE-038,PARENT-INTERPRETATION-ROOT,prov:27303c62ea9c,,,,,,latin,global,false,true,noesis_research_corpus,2026-05-15T00:00:00Z,tbd-phase3,,,unscored
NODE-037,interpretation_maps,/Users/sheshnarayaniyer/Documents/noesis/Research/Pasted image 20240520195322.png,image,en,NODE-036;NODE-038;NODE-039,PARENT-INTERPRETATION-ROOT,prov:4228d72c9e82,,,,,,latin,global,false,true,noesis_research_corpus,2026-05-15T00:00:00Z,tbd-phase3,imgfp:4228d72c9e82,,unscored
NODE-038,interpretation_maps,/Users/sheshnarayaniyer/Documents/noesis/Research/Pasted image 20240305002325.png,image,en,NODE-036;NODE-037;NODE-039;NODE-040,PARENT-INTERPRETATION-ROOT,prov:da29dbf91b56,,,,,,latin,global,false,true,noesis_research_corpus,2026-05-15T00:00:00Z,tbd-phase3,imgfp:da29dbf91b56,,unscored
NODE-039,interpretation_maps,/Users/sheshnarayaniyer/Documents/noesis/Research/Pasted image 20240906142538.png,image,en,NODE-037;NODE-038;NODE-040;NODE-041,PARENT-INTERPRETATION-ROOT,prov:eee1706bcbcf,,,,,,latin,global,false,true,noesis_research_corpus,2026-05-15T00:00:00Z,tbd-phase3,imgfp:eee1706bcbcf,,unscored
NODE-040,interpretation_maps,/Users/sheshnarayaniyer/Documents/noesis/Research/ORIENTATION/Books/e2ca0c409c17538f41b5fd39fa497e2a--st-thomas-walter-obrien.jpg,image,en,NODE-038;NODE-039;NODE-041;NODE-042,PARENT-INTERPRETATION-ROOT,prov:88cfe9b9507a,,,,,,latin,global,false,true,noesis_research_corpus,2026-05-15T00:00:00Z,tbd-phase3,imgfp:88cfe9b9507a,,unscored
NODE-041,interpretation_maps,/Users/sheshnarayaniyer/Documents/noesis/Research/Pasted image 20241208205024.png,image,en,NODE-039;NODE-040;NODE-042;NODE-043,PARENT-INTERPRETATION-ROOT,prov:8333a7aad71a,,,,,,latin,global,false,true,noesis_research_corpus,2026-05-15T00:00:00Z,tbd-phase3,imgfp:8333a7aad71a,,unscored
NODE-042,interpretation_maps,/Users/sheshnarayaniyer/Documents/noesis/Research/Pasted image 20240612223045.png,image,en,NODE-040;NODE-041;NODE-043;NODE-044,PARENT-INTERPRETATION-ROOT,prov:2077590e8790,,,,,,latin,global,false,true,noesis_research_corpus,2026-05-15T00:00:00Z,tbd-phase3,imgfp:2077590e8790,,unscored
NODE-043,interpretation_maps,/Users/sheshnarayaniyer/Documents/noesis/Research/Pasted image 20240828002737.png,image,en,NODE-041;NODE-042;NODE-044;NODE-045,PARENT-INTERPRETATION-ROOT,prov:dc642ab8fbfb,,,,,,latin,global,false,true,noesis_research_corpus,2026-05-15T00:00:00Z,tbd-phase3,imgfp:dc642ab8fbfb,,unscored
NODE-044,interpretation_maps,/Users/sheshnarayaniyer/Documents/noesis/Research/Screenshot 2024-09-19 031659.png,image,en,NODE-042;NODE-043;NODE-045;NODE-046,PARENT-INTERPRETATION-ROOT,prov:d58f617ceec1,,,,,,latin,global,false,true,noesis_research_corpus,2026-05-15T00:00:00Z,tbd-phase3,imgfp:d58f617ceec1,,unscored
NODE-045,interpretation_maps,/Users/sheshnarayaniyer/Documents/noesis/Research/Pasted image 20240612224016.png,image,en,NODE-043;NODE-044;NODE-046;NODE-047,PARENT-INTERPRETATION-ROOT,prov:3d4b98e6eafc,,,,,,latin,global,false,true,noesis_research_corpus,2026-05-15T00:00:00Z,tbd-phase3,imgfp:3d4b98e6eafc,,unscored
NODE-046,interpretation_maps,/Users/sheshnarayaniyer/Documents/noesis/Research/Pasted image 20240921172756.png,image,en,NODE-044;NODE-045;NODE-047;NODE-048,PARENT-INTERPRETATION-ROOT,prov:adbec2faa9a7,,,,,,latin,global,false,true,noesis_research_corpus,2026-05-15T00:00:00Z,tbd-phase3,imgfp:adbec2faa9a7,,unscored
NODE-047,interpretation_maps,/Users/sheshnarayaniyer/Documents/noesis/Research/Pasted image 20240316220701.png,image,en,NODE-045;NODE-046;NODE-048;NODE-049,PARENT-INTERPRETATION-ROOT,prov:6976b1c75fcc,,,,,,latin,global,false,true,noesis_research_corpus,2026-05-15T00:00:00Z,tbd-phase3,imgfp:6976b1c75fcc,,unscored
NODE-048,interpretation_maps,/Users/sheshnarayaniyer/Documents/noesis/Research/Pasted image 20240921174633.png,image,en,NODE-046;NODE-047;NODE-049;NODE-050,PARENT-INTERPRETATION-ROOT,prov:05fe824b9253,,,,,,latin,global,false,true,noesis_research_corpus,2026-05-15T00:00:00Z,tbd-phase3,imgfp:05fe824b9253,,unscored
NODE-049,interpretation_maps,/Users/sheshnarayaniyer/Documents/noesis/Research/ORIENTATION/800px-Toroidal_Transformer_Poynting_Vector.jpg,image,en,NODE-047;NODE-048;NODE-050;NODE-051,PARENT-INTERPRETATION-ROOT,prov:52d6fed8cb94,,,,,,latin,global,false,true,noesis_research_corpus,2026-05-15T00:00:00Z,tbd-phase3,imgfp:52d6fed8cb94,,unscored
NODE-050,interpretation_maps,/Users/sheshnarayaniyer/Documents/noesis/Research/Screenshot 2024-09-21 164229.png,image,en,NODE-048;NODE-049;NODE-051;NODE-052,PARENT-INTERPRETATION-ROOT,prov:5c75464b53fa,,,,,,latin,global,false,true,noesis_research_corpus,2026-05-15T00:00:00Z,tbd-phase3,imgfp:5c75464b53fa,,unscored
NODE-051,interpretation_maps,/Users/sheshnarayaniyer/Documents/noesis/Research/Pasted image 20240520195832.png,image,en,NODE-049;NODE-050;NODE-052;NODE-053,PARENT-INTERPRETATION-ROOT,prov:94c5ab047c7e,,,,,,latin,global,false,true,noesis_research_corpus,2026-05-15T00:00:00Z,tbd-phase3,imgfp:94c5ab047c7e,,unscored
NODE-052,interpretation_maps,/Users/sheshnarayaniyer/Documents/noesis/Research/Pasted image 20240612224817.png,image,en,NODE-050;NODE-051;NODE-053;NODE-054,PARENT-INTERPRETATION-ROOT,prov:61394345b56e,,,,,,latin,global,false,true,noesis_research_corpus,2026-05-15T00:00:00Z,tbd-phase3,imgfp:61394345b56e,,unscored
NODE-053,interpretation_maps,/Users/sheshnarayaniyer/Documents/noesis/Research/Pasted image 20240827191449.png,image,en,NODE-051;NODE-052;NODE-054;NODE-055,PARENT-INTERPRETATION-ROOT,prov:dd0e52d034c1,,,,,,latin,global,false,true,noesis_research_corpus,2026-05-15T00:00:00Z,tbd-phase3,imgfp:dd0e52d034c1,,unscored
NODE-054,interpretation_maps,/Users/sheshnarayaniyer/Documents/noesis/Research/Pasted image 20240612214645.png,image,en,NODE-052;NODE-053;NODE-055;NODE-056,PARENT-INTERPRETATION-ROOT,prov:94764d4ee5ee,,,,,,latin,global,false,true,noesis_research_corpus,2026-05-15T00:00:00Z,tbd-phase3,imgfp:94764d4ee5ee,,unscored
NODE-055,interpretation_maps,/Users/sheshnarayaniyer/Documents/noesis/Research/ORIENTATION/Smoking and rolling/HV-Sacred-Smoke-Blog-post.jpg,image,en,NODE-053;NODE-054;NODE-056;NODE-057,PARENT-INTERPRETATION-ROOT,prov:8bc6eac91f3f,,,,,,latin,global,false,true,noesis_research_corpus,2026-05-15T00:00:00Z,tbd-phase3,imgfp:8bc6eac91f3f,,unscored
NODE-056,interpretation_maps,/Users/sheshnarayaniyer/Documents/noesis/Research/Pasted image 20240324170936.png,image,en,NODE-054;NODE-055;NODE-057;NODE-058,PARENT-INTERPRETATION-ROOT,prov:147c3889bdbf,,,,,,latin,global,false,true,noesis_research_corpus,2026-05-15T00:00:00Z,tbd-phase3,imgfp:147c3889bdbf,,unscored
NODE-057,interpretation_maps,/Users/sheshnarayaniyer/Documents/noesis/Research/ORIENTATION/Smoking and rolling/smudge-1.jpg,image,en,NODE-055;NODE-056;NODE-058;NODE-059,PARENT-INTERPRETATION-ROOT,prov:40c8a72e6ec7,,,,,,latin,global,false,true,noesis_research_corpus,2026-05-15T00:00:00Z,tbd-phase3,imgfp:40c8a72e6ec7,,unscored
NODE-058,interpretation_maps,/Users/sheshnarayaniyer/Documents/noesis/Research/Screenshot 2024-09-06 142534.png,image,en,NODE-056;NODE-057;NODE-059;NODE-060,PARENT-INTERPRETATION-ROOT,prov:b5bbcc6f3bf4,,,,,,latin,global,false,true,noesis_research_corpus,2026-05-15T00:00:00Z,tbd-phase3,imgfp:b5bbcc6f3bf4,,unscored
NODE-059,interpretation_maps,/Users/sheshnarayaniyer/Documents/noesis/Research/Screenshot 2024-09-05 102750.png,image,en,NODE-057;NODE-058;NODE-060;NODE-061,PARENT-INTERPRETATION-ROOT,prov:83b1338b4dbb,,,,,,latin,global,false,true,noesis_research_corpus,2026-05-15T00:00:00Z,tbd-phase3,imgfp:83b1338b4dbb,,unscored
NODE-060,interpretation_maps,/Users/sheshnarayaniyer/Documents/noesis/Research/Screenshot 2024-09-21 165746.png,image,en,NODE-058;NODE-059;NODE-061;NODE-062,PARENT-INTERPRETATION-ROOT,prov:af5edbf45ab0,,,,,,latin,global,false,true,noesis_research_corpus,2026-05-15T00:00:00Z,tbd-phase3,imgfp:af5edbf45ab0,,unscored
NODE-061,interpretation_maps,/Users/sheshnarayaniyer/Documents/noesis/Research/Pasted image 20240906135822.png,image,en,NODE-059;NODE-060;NODE-062;NODE-063,PARENT-INTERPRETATION-ROOT,prov:eb5ed2568fc7,,,,,,latin,global,false,true,noesis_research_corpus,2026-05-15T00:00:00Z,tbd-phase3,imgfp:eb5ed2568fc7,,unscored
NODE-062,interpretation_maps,/Users/sheshnarayaniyer/Documents/noesis/Research/Pasted image 20240520200336.png,image,en,NODE-060;NODE-061;NODE-063;NODE-064,PARENT-INTERPRETATION-ROOT,prov:6727f4525f5c,,,,,,latin,global,false,true,noesis_research_corpus,2026-05-15T00:00:00Z,tbd-phase3,imgfp:6727f4525f5c,,unscored
NODE-063,interpretation_maps,/Users/sheshnarayaniyer/Documents/noesis/Research/Pasted image 20240921171030.png,image,en,NODE-061;NODE-062;NODE-064;NODE-065,PARENT-INTERPRETATION-ROOT,prov:526d3f76c593,,,,,,latin,global,false,true,noesis_research_corpus,2026-05-15T00:00:00Z,tbd-phase3,imgfp:526d3f76c593,,unscored
NODE-064,interpretation_maps,/Users/sheshnarayaniyer/Documents/noesis/Research/10-14-24-165634.png,image,en,NODE-062;NODE-063;NODE-065;NODE-066,PARENT-INTERPRETATION-ROOT,prov:425ad89e22b1,,,,,,latin,global,false,true,noesis_research_corpus,2026-05-15T00:00:00Z,tbd-phase3,imgfp:425ad89e22b1,,unscored
NODE-065,interpretation_maps,/Users/sheshnarayaniyer/Documents/noesis/Research/Pasted image 20240520202620.png,image,en,NODE-063;NODE-064;NODE-066;NODE-067,PARENT-INTERPRETATION-ROOT,prov:40377dd5af22,,,,,,latin,global,false,true,noesis_research_corpus,2026-05-15T00:00:00Z,tbd-phase3,imgfp:40377dd5af22,,unscored
NODE-066,interpretation_maps,/Users/sheshnarayaniyer/Documents/noesis/Research/Pasted image 20240304200924.png,image,en,NODE-064;NODE-065;NODE-067;NODE-068,PARENT-INTERPRETATION-ROOT,prov:c1749314e8eb,,,,,,latin,global,false,true,noesis_research_corpus,2026-05-15T00:00:00Z,tbd-phase3,imgfp:c1749314e8eb,,unscored
NODE-067,interpretation_maps,/Users/sheshnarayaniyer/Documents/noesis/Research/Pasted image 20241208204741.png,image,en,NODE-065;NODE-066;NODE-068;NODE-069,PARENT-INTERPRETATION-ROOT,prov:5860a1a34ecc,,,,,,latin,global,false,true,noesis_research_corpus,2026-05-15T00:00:00Z,tbd-phase3,imgfp:5860a1a34ecc,,unscored
NODE-068,interpretation_maps,/Users/sheshnarayaniyer/Documents/noesis/Research/ORIENTATION/Smoking and rolling/Wampanoag2.jpg,image,en,NODE-066;NODE-067;NODE-069;NODE-070,PARENT-INTERPRETATION-ROOT,prov:64b227960848,,,,,,latin,global,false,true,noesis_research_corpus,2026-05-15T00:00:00Z,tbd-phase3,imgfp:64b227960848,,unscored
NODE-069,interpretation_maps,/Users/sheshnarayaniyer/Documents/noesis/Research/Pasted image 20240320133637.png,image,en,NODE-067;NODE-068;NODE-070,PARENT-INTERPRETATION-ROOT,prov:410b2e9c6d7f,,,,,,latin,global,false,true,noesis_research_corpus,2026-05-15T00:00:00Z,tbd-phase3,imgfp:410b2e9c6d7f,,unscored
NODE-070,interpretation_maps,/Users/sheshnarayaniyer/Documents/noesis/Research/Screenshot 2024-10-23 133154.png,image,en,NODE-068;NODE-069,PARENT-INTERPRETATION-ROOT,prov:6444d50409f6,,,,,,latin,global,false,true,noesis_research_corpus,2026-05-15T00:00:00Z,tbd-phase3,imgfp:6444d50409f6,,unscored
NODE-071,cross_integration_histories,/Users/sheshnarayaniyer/Documents/noesis/Research/Micheal Tsarion/Articles/INDIVIDUATION - & the Will-to-Meaning . by Michael Tsarion.md,document,en,NODE-072;NODE-073,PARENT-HISTORY-ROOT,prov:6b23549cea0a,,,,,,latin,global,false,true,noesis_research_corpus,2026-05-15T00:00:00Z,tbd-phase3,,,unscored
NODE-072,cross_integration_histories,/Users/sheshnarayaniyer/Documents/noesis/Research/Micheal Tsarion/Articles/Atonism & the Cult of Mithras.md,document,en,NODE-071;NODE-073;NODE-074,PARENT-HISTORY-ROOT,prov:950759ad444e,,,,,,latin,global,false,true,noesis_research_corpus,2026-05-15T00:00:00Z,tbd-phase3,,,unscored
NODE-073,cross_integration_histories,/Users/sheshnarayaniyer/Documents/noesis/Research/Micheal Tsarion/Articles/Author Intro/Helen Ellerbe.md,document,en,NODE-071;NODE-072;NODE-074;NODE-075,PARENT-HISTORY-ROOT,prov:7871183dd0dd,,,,,,latin,global,false,true,noesis_research_corpus,2026-05-15T00:00:00Z,tbd-phase3,,,unscored
NODE-074,cross_integration_histories,/Users/sheshnarayaniyer/Documents/noesis/Research/Micheal Tsarion/Articles/Exploring the Origins of Jehovah.md,document,en,NODE-072;NODE-073;NODE-075;NODE-076,PARENT-HISTORY-ROOT,prov:682af82547cd,,,,,,latin,global,false,true,noesis_research_corpus,2026-05-15T00:00:00Z,tbd-phase3,,,unscored
NODE-075,cross_integration_histories,/Users/sheshnarayaniyer/Documents/noesis/Research/ORIENTATION/Biofield Papers/Energetic Lighting Energetic Destiny LED Panel IP20 36W 5000K 3400Lm at 600 x 600mm [222008]  MegaBuy Computer Parts.pdf,document,en,NODE-073;NODE-074;NODE-076;NODE-077,PARENT-HISTORY-ROOT,prov:aeb41d51062f,,,,,,latin,global,false,true,noesis_research_corpus,2026-05-15T00:00:00Z,tbd-phase3,,,unscored
NODE-076,cross_integration_histories,/Users/sheshnarayaniyer/Documents/noesis/Research/Micheal Tsarion/Articles/THE FIRST   PHILOSOPHER . By Michael Tsarion.md,document,en,NODE-074;NODE-075;NODE-077;NODE-078,PARENT-HISTORY-ROOT,prov:0a9e6217f402,,,,,,latin,global,false,true,noesis_research_corpus,2026-05-15T00:00:00Z,tbd-phase3,,,unscored
NODE-077,cross_integration_histories,/Users/sheshnarayaniyer/Documents/noesis/Research/Micheal Tsarion/Articles/EXISTENTIALISM   VS. PERSONALISM (The Philosophy of Selfhood).md,document,en,NODE-075;NODE-076;NODE-078;NODE-079,PARENT-HISTORY-ROOT,prov:99d61b42b6f9,,,,,,latin,global,false,true,noesis_research_corpus,2026-05-15T00:00:00Z,tbd-phase3,,,unscored
NODE-078,cross_integration_histories,/Users/sheshnarayaniyer/Documents/noesis/Research/Micheal Tsarion/Articles/Atlantis.md,document,en,NODE-076;NODE-077;NODE-079;NODE-080,PARENT-HISTORY-ROOT,prov:d15b63ca9340,,,,,,latin,global,false,true,noesis_research_corpus,2026-05-15T00:00:00Z,tbd-phase3,,,unscored
NODE-079,cross_integration_histories,/Users/sheshnarayaniyer/Documents/noesis/Research/Micheal Tsarion/Articles/From Heaven to Earth  by Michael Tsarion 1.md,document,en,NODE-077;NODE-078;NODE-080;NODE-081,PARENT-HISTORY-ROOT,prov:cc742b14b12b,,,,,,latin,global,false,true,noesis_research_corpus,2026-05-15T00:00:00Z,tbd-phase3,,,unscored
NODE-080,cross_integration_histories,/Users/sheshnarayaniyer/Documents/noesis/Research/Micheal Tsarion/Articles/Author Intro/Robert Graves.md,document,en,NODE-078;NODE-079;NODE-081;NODE-082,PARENT-HISTORY-ROOT,prov:c0880bae3ac6,,,,,,latin,global,false,true,noesis_research_corpus,2026-05-15T00:00:00Z,tbd-phase3,,,unscored
NODE-081,cross_integration_histories,"/Users/sheshnarayaniyer/Documents/noesis/Research/Micheal Tsarion/Articles/Prisoners of Childhood Adultism, Psychiatry & the Fifth Commandment.md",document,en,NODE-079;NODE-080;NODE-082;NODE-083,PARENT-HISTORY-ROOT,prov:1cda608dca98,,,,,,latin,global,false,true,noesis_research_corpus,2026-05-15T00:00:00Z,tbd-phase3,,,unscored
NODE-082,cross_integration_histories,/Users/sheshnarayaniyer/Documents/noesis/Research/Micheal Tsarion/Articles/HAPPY DISCONTENTS & the Unreality Principle . by Michael Tsarion.md,document,en,NODE-080;NODE-081;NODE-083;NODE-084,PARENT-HISTORY-ROOT,prov:5d318e61df8d,,,,,,latin,global,false,true,noesis_research_corpus,2026-05-15T00:00:00Z,tbd-phase3,,,unscored
NODE-083,cross_integration_histories,/Users/sheshnarayaniyer/Documents/noesis/Research/Micheal Tsarion/Articles/PESTILENCE (The Curse of Christianity) . by Michael Tsarion.md,document,en,NODE-081;NODE-082;NODE-084;NODE-085,PARENT-HISTORY-ROOT,prov:931b1dbd810d,,,,,,latin,global,false,true,noesis_research_corpus,2026-05-15T00:00:00Z,tbd-phase3,,,unscored
NODE-084,cross_integration_histories,/Users/sheshnarayaniyer/Documents/noesis/Research/Micheal Tsarion/Articles/BLAKE & WOMEN . by Michael Tsarion.md,document,en,NODE-082;NODE-083;NODE-085;NODE-086,PARENT-HISTORY-ROOT,prov:1b07d1ffcd43,,,,,,latin,global,false,true,noesis_research_corpus,2026-05-15T00:00:00Z,tbd-phase3,,,unscored
NODE-085,cross_integration_histories,/Users/sheshnarayaniyer/Documents/noesis/Research/Micheal Tsarion/Articles/ANCESTRAL TRAUMA  (& the Epic of Consciousness) . By Michael Tsarion.md,document,en,NODE-083;NODE-084;NODE-086;NODE-087,PARENT-HISTORY-ROOT,prov:80fb056882a7,,,,,,latin,global,false,true,noesis_research_corpus,2026-05-15T00:00:00Z,tbd-phase3,,,unscored
NODE-086,cross_integration_histories,/Users/sheshnarayaniyer/Documents/noesis/Research/Micheal Tsarion/Articles/Psychic Self-Défense.md,document,en,NODE-084;NODE-085;NODE-087;NODE-088,PARENT-HISTORY-ROOT,prov:da77243e384c,,,,,,latin,global,false,true,noesis_research_corpus,2026-05-15T00:00:00Z,tbd-phase3,,,unscored
NODE-087,cross_integration_histories,/Users/sheshnarayaniyer/Documents/noesis/Research/Micheal Tsarion/Articles/Symbolic Literacy  . by Michael Tsarion.md,document,en,NODE-085;NODE-086;NODE-088;NODE-089,PARENT-HISTORY-ROOT,prov:3810db2878ca,,,,,,latin,global,false,true,noesis_research_corpus,2026-05-15T00:00:00Z,tbd-phase3,,,unscored
NODE-088,cross_integration_histories,/Users/sheshnarayaniyer/Documents/noesis/Research/Micheal Tsarion/Articles/Author Intro/Alvin Boyd Kuhn.md,document,en,NODE-086;NODE-087;NODE-089;NODE-090,PARENT-HISTORY-ROOT,prov:56d9fb865f4e,,,,,,latin,global,false,true,noesis_research_corpus,2026-05-15T00:00:00Z,tbd-phase3,,,unscored
NODE-089,cross_integration_histories,/Users/sheshnarayaniyer/Documents/noesis/Research/ORIENTATION/Biofield Papers/A-Study-of-Effect-of-Energy-Healing-on-in-Vitro-Tumor-Cell-Proliferation.pdf,document,en,NODE-087;NODE-088;NODE-090;NODE-091,PARENT-HISTORY-ROOT,prov:362a7547a207,,,,,,latin,global,false,true,noesis_research_corpus,2026-05-15T00:00:00Z,tbd-phase3,,,unscored
NODE-090,cross_integration_histories,/Users/sheshnarayaniyer/Documents/noesis/Research/Micheal Tsarion/Articles/The Bible Unearthed by Finkelstein & Silberman.md,document,en,NODE-088;NODE-089;NODE-091;NODE-092,PARENT-HISTORY-ROOT,prov:15c98efca627,,,,,,latin,global,false,true,noesis_research_corpus,2026-05-15T00:00:00Z,tbd-phase3,,,unscored
NODE-091,cross_integration_histories,/Users/sheshnarayaniyer/Documents/noesis/Research/Micheal Tsarion/Articles/Mysticism Truth or Falsity by Michael Tsarion.md,document,en,NODE-089;NODE-090;NODE-092;NODE-093,PARENT-HISTORY-ROOT,prov:18a046002255,,,,,,latin,global,false,true,noesis_research_corpus,2026-05-15T00:00:00Z,tbd-phase3,,,unscored
NODE-092,cross_integration_histories,/Users/sheshnarayaniyer/Documents/noesis/Research/Micheal Tsarion/Articles/The Order of Sion & Occult Christianity.md,document,en,NODE-090;NODE-091;NODE-093;NODE-094,PARENT-HISTORY-ROOT,prov:1584570768bb,,,,,,latin,global,false,true,noesis_research_corpus,2026-05-15T00:00:00Z,tbd-phase3,,,unscored
NODE-093,cross_integration_histories,/Users/sheshnarayaniyer/Documents/noesis/Research/Micheal Tsarion/Articles/We're Talking Heroes!   . by Michael Tsarion.md,document,en,NODE-091;NODE-092;NODE-094;NODE-095,PARENT-HISTORY-ROOT,prov:89593b1ed4da,,,,,,latin,global,false,true,noesis_research_corpus,2026-05-15T00:00:00Z,tbd-phase3,,,unscored
NODE-094,cross_integration_histories,/Users/sheshnarayaniyer/Documents/noesis/Research/Micheal Tsarion/Articles/Author Intro/ALBERT CHURCHWARD.md,document,en,NODE-092;NODE-093;NODE-095;NODE-096,PARENT-HISTORY-ROOT,prov:83f389285af3,,,,,,latin,global,false,true,noesis_research_corpus,2026-05-15T00:00:00Z,tbd-phase3,,,unscored
NODE-095,cross_integration_histories,/Users/sheshnarayaniyer/Documents/noesis/Research/Micheal Tsarion/Articles/Author Intro/J. P. Mendum.md,document,en,NODE-093;NODE-094;NODE-096;NODE-097,PARENT-HISTORY-ROOT,prov:04325ba44de9,,,,,,latin,global,false,true,noesis_research_corpus,2026-05-15T00:00:00Z,tbd-phase3,,,unscored
NODE-096,cross_integration_histories,/Users/sheshnarayaniyer/Documents/noesis/Research/Micheal Tsarion/Articles/ART & IMAGINATION  . by Michael Tsarion.md,document,en,NODE-094;NODE-095;NODE-097;NODE-098,PARENT-HISTORY-ROOT,prov:2320297eb46b,,,,,,latin,global,false,true,noesis_research_corpus,2026-05-15T00:00:00Z,tbd-phase3,,,unscored
NODE-097,cross_integration_histories,/Users/sheshnarayaniyer/Documents/noesis/Research/Micheal Tsarion/Articles/THE CASE FOR   IDEALISM (Saving the Western Tradition) . by Michael Tsarion.md,document,en,NODE-095;NODE-096;NODE-098;NODE-099,PARENT-HISTORY-ROOT,prov:4f10d486b765,,,,,,latin,global,false,true,noesis_research_corpus,2026-05-15T00:00:00Z,tbd-phase3,,,unscored
NODE-098,cross_integration_histories,/Users/sheshnarayaniyer/Documents/noesis/Research/ORIENTATION/Biofield Papers/glossary of words applicable to the HEF.doc,document,en,NODE-096;NODE-097;NODE-099;NODE-100,PARENT-HISTORY-ROOT,prov:e130dad7762f,,,,,,latin,global,false,true,noesis_research_corpus,2026-05-15T00:00:00Z,tbd-phase3,,,unscored
NODE-099,cross_integration_histories,/Users/sheshnarayaniyer/Documents/noesis/Research/Micheal Tsarion/Articles/ST. PAUL FRAUD.md,document,en,NODE-097;NODE-098;NODE-100,PARENT-HISTORY-ROOT,prov:f6097fce6af6,,,,,,latin,global,false,true,noesis_research_corpus,2026-05-15T00:00:00Z,tbd-phase3,,,unscored
NODE-100,cross_integration_histories,/Users/sheshnarayaniyer/Documents/noesis/Research/Micheal Tsarion/Articles/Author Intro/Arthur Dewes.md,document,en,NODE-098;NODE-099,PARENT-HISTORY-ROOT,prov:4f917245742f,,,,,,latin,global,false,true,noesis_research_corpus,2026-05-15T00:00:00Z,tbd-phase3,,,unscored
